experiment,baseline,paired_n,baseline_mean,experiment_mean,mean_diff,median_diff,win_rate,tie_rate,loss_rate,wins,ties,losses,paired_t_stat,paired_t_pvalue,wilcoxon_stat,wilcoxon_pvalue,cohen_dz,paired_t_significant_0.05,wilcoxon_significant_0.05
chat_model,baseline,821,8.20219244823386,8.160779537149818,-0.04141291108404385,0.0,0.07429963459196103,0.8574908647990256,0.0682095006090134,61,704,56,-0.9343322195847757,0.3504075977611412,3446.5,0.9889400827904432,-0.03260841929933487,False,False
chunk256,baseline,821,8.20219244823386,7.805115712545676,-0.39707673568818513,0.0,0.11693057247259439,0.6930572472594397,0.1900121802679659,96,569,156,-3.2670841048118904,0.0011317895045417827,12003.5,0.00064495810393001,-0.11402202144248322,True,True
no_reranker,baseline,821,8.20219244823386,7.099878197320341,-1.1023142509135202,0.0,0.06577344701583435,0.7198538367844093,0.2143727161997564,54,591,176,-9.727276035666991,3.076665380661842e-21,3985.5,2.3640388900675553e-20,-0.3394842743969197,True,True
paragraph,baseline,821,8.20219244823386,8.198538367844092,-0.0036540803897685747,0.0,0.07429963459196103,0.8501827040194885,0.07551766138855055,61,698,62,-0.0813895097861462,0.9351520522235961,3787.5,0.9478947479383426,-0.0028405134769444464,False,False
token,baseline,821,8.20219244823386,8.074299634591961,-0.1278928136419001,0.0,0.08526187576126674,0.7941534713763703,0.12058465286236297,70,652,99,-1.4379425888856179,0.15083185474265404,6118.5,0.09354121014611794,-0.05018454237572066,False,False
