experiment,n,mean_score,std_score,median_score,min_score,max_score,q1_score,q3_score,iqr_score,sem_score,ci95_low,ci95_high,score_skew,score_kurtosis,pass_ge_6_rate,pass_ge_8_rate,pass_ge_9_rate,perfect_10_rate,avg_time_sec,median_time_sec,p95_time_sec,avg_source_count,median_source_count,source_coverage_rate,eval_error_rate
baseline,821.0,8.20219244823386,3.5449097916888084,10.0,0.0,10.0,9.0,10.0,1.0,0.12371820476990217,7.959350784292701,8.445034112175021,-1.693863618832025,1.100105298400626,0.8246041412911084,0.7941534713763703,0.7697929354445798,0.7429963459196103,15.301887941534712,14.44,23.3,1.679658952496955,1.0,1.0,0.0
chat_model,821.0,8.160779537149818,3.59518260011451,10.0,0.0,10.0,9.0,10.0,1.0,0.12547273788150667,7.914493968238856,8.407065106060779,-1.6516385215890055,0.9337802607442462,0.8148599269183922,0.7929354445797807,0.7746650426309378,0.7393422655298416,14.16851400730816,13.02,25.54,1.679658952496955,1.0,1.0,0.0
chunk256,821.0,7.805115712545676,3.7401608342239205,10.0,0.0,10.0,7.0,10.0,3.0,0.13053251313919578,7.5488985070980315,8.061332917993319,-1.3707933076645733,0.13951942574964082,0.781973203410475,0.7344701583434835,0.7149817295980512,0.6772228989037758,27.020816077953715,25.6,40.4,1.6492082825822167,1.0,1.0,0.0
no_reranker,821.0,7.099878197320341,4.187351742962651,10.0,0.0,10.0,3.0,10.0,7.0,0.14613958346529834,6.813026479075761,7.386729915564921,-0.9330420776248514,-0.9673005231210121,0.7064555420219245,0.6662606577344702,0.6467722289890377,0.6126674786845311,28.852436053593177,27.53,50.43,4.951278928136419,5.0,0.9987819732034104,0.0
paragraph,821.0,8.198538367844092,3.552848092494694,10.0,0.0,10.0,9.0,10.0,1.0,0.12399525337828432,7.9551528959388795,8.441923839749306,-1.6846938012575237,1.059179032520401,0.8221680876979294,0.7929354445797807,0.7722289890377588,0.7442143727161997,24.821668696711324,23.18,39.72,1.679658952496955,1.0,1.0,0.0
token,821.0,8.074299634591961,3.615762868986816,10.0,0.0,10.0,9.0,10.0,1.0,0.12619099421754465,7.826604228186961,8.321995040996962,-1.5926485238572121,0.774679609334425,0.8112058465286236,0.7771010962241169,0.7503045066991474,0.7174177831912302,18.175590742996345,17.16,29.51,1.686967113276492,1.0,1.0,0.0
